img_id,patient_id,lesion_id,AN2_hair (0-3) Sofie,AN2_pen (0-1)Sofie
PAT_8_15_820.png,PAT_8,15,2,1
PAT_9_17_80.png,PAT_9,17,1,0
PAT_15_23_240.png,PAT_15,23,1,1
PAT_29_40_561.png,PAT_29,40,2,1
PAT_40_56_499.png,PAT_40,56,2,1
PAT_1013_82_876.png,PAT_1013,82,0,1
PAT_63_98_127.png,PAT_63,98,1,0
PAT_113_172_610.png,PAT_113,172,1,0
PAT_135_202_105.png,PAT_135,202,0,0
PAT_154_235_162.png,PAT_154,235,0,0
PAT_159_246_630.png,PAT_159,246,0,0
PAT_160_249_76.png,PAT_160,249,3,1
PAT_177_275_905.png,PAT_177,275,0,0
PAT_179_277_436.png,PAT_179,277,0,0
PAT_181_280_417.png,PAT_181,280,2,1
PAT_196_300_749.png,PAT_196,300,0,0
PAT_1070_305_907.png,PAT_1070,305,2,1
PAT_1071_312_841.png,PAT_1071,312,0,0
PAT_211_317_649.png,PAT_211,317,0,0
PAT_215_330_341.png,PAT_215,330,1,0
PAT_219_337_358.png,PAT_219,337,1,0
PAT_1094_381_446.png,PAT_1094,381,1,0
PAT_1170_609_378.png,PAT_1170,609,0,0
PAT_300_648_84.png,PAT_300,648,1,0
PAT_308_661_184.png,PAT_308,661,1,1
PAT_313_669_908.png,PAT_313,669,3,0
PAT_1185_679_115.png,PAT_1185,679,0,0
PAT_1190_700_663.png,PAT_1190,700,1,0
PAT_336_705_711.png,PAT_336,705,0,1
PAT_349_724_133.png,PAT_349,724,0,1
PAT_351_728_683.png,PAT_351,728,0,0
PAT_367_753_130.png,PAT_367,753,0,0
PAT_373_761_708.png,PAT_373,761,0,0
PAT_377_768_643.png,PAT_377,768,0,1
PAT_394_794_235.png,PAT_394,794,1,1
PAT_398_799_163.png,PAT_398,799,1,0
PAT_402_803_739.png,PAT_402,803,0,0
PAT_406_808_560.png,PAT_406,808,3,0
PAT_419_833_148.png,PAT_419,833,1,0
PAT_425_841_644.png,PAT_425,841,0,0
PAT_1249_862_658.png,PAT_1249,862,1,0
PAT_192_884_310.png,PAT_192,884,1,1
PAT_467_904_535.png,PAT_467,904,0,0
PAT_483_925_716.png,PAT_483,925,0,1
PAT_201_946_262.png,PAT_201,946,3,0
PAT_503_949_409.png,PAT_503,949,0,0
PAT_512_962_998.png,PAT_512,962,0,0
PAT_522_986_305.png,PAT_522,986,1,0
PAT_523_988_900.png,PAT_523,988,1,1
PAT_528_992_124.png,PAT_528,992,1,1
PAT_545_1030_854.png,PAT_545,1030,0,0
PAT_545_1031_428.png,PAT_545,1031,0,0
PAT_567_1076_545.png,PAT_567,1076,0,0
PAT_1304_1081_84.png,PAT_1304,1081,2,0
PAT_571_1096_10.png,PAT_571,1096,1,0
PAT_571_1097_652.png,PAT_571,1097,0,0
PAT_579_1100_988.png,PAT_579,1100,1,0
PAT_86_1109_306.png,PAT_86,1109,0,0
PAT_1322_1137_201.png,PAT_1322,1137,0,1
PAT_698_1150_881.png,PAT_698,1150,1,0
PAT_622_1185_922.png,PAT_622,1185,1,0
PAT_631_1227_585.png,PAT_631,1227,0,1
PAT_1364_1246_927.png,PAT_1364,1246,1,0
PAT_683_1297_195.png,PAT_683,1297,0,0
PAT_684_1302_588.png,PAT_684,1302,2,0
PAT_691_1312_389.png,PAT_691,1312,3,0
PAT_527_1359_165.png,PAT_527,1359,2,1
PAT_1401_1374_593.png,PAT_1401,1374,0,0
PAT_270_1382_561.png,PAT_270,1382,0,0
PAT_270_1387_430.png,PAT_270,1387,0,0
PAT_736_1392_562.png,PAT_736,1392,0,1
PAT_723_1396_338.png,PAT_723,1396,0,1
PAT_752_1426_714.png,PAT_752,1426,2,0
PAT_766_1444_52.png,PAT_766,1444,0,0
PAT_286_1459_926.png,PAT_286,1459,0,0
PAT_1423_1472_18.png,PAT_1423,1472,2,1
PAT_782_1494_418.png,PAT_782,1494,2,0
PAT_1431_1495_931.png,PAT_1431,1495,1,0
PAT_802_1516_910.png,PAT_802,1516,0,0
PAT_805_1517_647.png,PAT_805,1517,0,1
PAT_1439_1522_211.png,PAT_1439,1522,2,0
PAT_809_1527_902.png,PAT_809,1527,0,0
PAT_817_1537_943.png,PAT_817,1537,1,0
PAT_738_1552_502.png,PAT_738,1552,0,0
PAT_832_1569_413.png,PAT_832,1569,1,0
PAT_306_1646_971.png,PAT_306,1646,2,1
PAT_1475_1651_727.png,PAT_1475,1651,0,1
PAT_368_1652_525.png,PAT_368,1652,2,0
PAT_1481_1675_371.png,PAT_1481,1675,0,1
PAT_1486_1684_182.png,PAT_1486,1684,0,1
PAT_911_1728_101.png,PAT_911,1728,0,0
PAT_918_1742_456.png,PAT_918,1742,1,0
PAT_1529_1798_206.png,PAT_1529,1798,0,0
PAT_958_1812_62.png,PAT_958,1812,3,0
PAT_967_1827_247.png,PAT_967,1827,0,0
PAT_951_1836_991.png,PAT_951,1836,2,0
PAT_1546_1871_376.png,PAT_1546,1871,1,0
PAT_1554_2392_767.png,PAT_1554,2392,2,0
PAT_1705_3143_139.png,PAT_1705,3143,1,0
PAT_1719_3203_18.png,PAT_1719,3203,0,0
PAT_1727_3233_399.png,PAT_1727,3233,2,0
PAT_1805_3477_772.png,PAT_1805,3477,1,0
PAT_417_3537_45.png,PAT_417,3537,1,0
PAT_1814_3564_609.png,PAT_1814,3564,2,0
PAT_621_3592_955.png,PAT_621,3592,1,0
PAT_1846_3622_35.png,PAT_1846,3622,1,0
PAT_639_3674_452.png,PAT_639,3674,0,1
PAT_1918_3836_82.png,PAT_1918,3836,2,0
PAT_1955_3946_319.png,PAT_1955,3946,1,1
PAT_691_3994_791.png,PAT_691,3994,3,0
PAT_715_4072_827.png,PAT_715,4072,2,0
PAT_2003_4107_766.png,PAT_2003,4107,0,0
PAT_2009_4134_828.png,PAT_2009,4134,1,1
PAT_2082_4491_519.png,PAT_2082,4491,0,0
PAT_2088_4525_507.png,PAT_2088,4525,1,0
PAT_2123_4647_95.png,PAT_2123,4647,0,1
PAT_2159_4792_718.png,PAT_2159,4792,3,0
